,avg_loss_train,avg_loss_train_fix,duration,epoch,loss_std,loss_train,test_recons_error,train_recons_error
0,18.6815414429,186.815414429,66.699966,0,0.0,186.815414429,186.127029419,186.201751709
1,35.431426239,186.481190732,114.490928,1,0.0,186.180389404,,
2,50.4395714569,186.123879915,1.001713,2,0.0,185.512878418,,
3,63.8356823654,185.622804203,1.001406,3,0.0,184.400680542,,
4,75.8462059258,185.212097203,1.001642,4,0.0,183.940917969,,
5,86.4509194396,184.503807289,1.00159,5,0.0,181.893341064,,
6,95.9074510308,183.835309836,1.002562,6,0.0,181.016235352,,
7,104.163753352,182.893338507,1.003193,7,0.0,178.470474243,,
8,111.195209743,181.519635812,1.002435,8,0.0,174.478317261,,
9,117.020838,179.666765549,1.002725,9,0.0,169.45149231,,
10,121.804960254,177.509240977,1.002591,10,0.0,164.862060547,,
11,125.494306758,174.887781951,1.003005,11,0.0,158.698425293,,
12,128.161148055,171.840764868,1.001564,12,0.0,152.162719727,,
13,129.652810654,168.111279058,1.002995,13,0.0,143.077774048,,
14,130.465279223,164.291427153,1.002332,14,0.0,137.777496338,,
15,130.13650185,159.735883562,1.00201,15,0.0,127.177505493,,
16,129.014025218,154.836367576,1.001929,16,0.0,118.911735535,,
17,127.651989609,150.195533421,1.002257,17,0.0,115.393669128,,
18,126.036026183,145.720736966,1.002534,18,0.0,111.492355347,,
19,123.696733257,140.816764381,1.00249,19,0.0,102.643096924,,
20,121.457026667,136.379537835,1.002459,20,0.0,101.299667358,,
21,119.339820552,132.375804605,1.002109,21,0.0,100.284965515,,
22,116.241274746,127.545558686,1.002188,22,0.0,88.3543624878,,
23,112.952228753,122.743001386,1.002445,23,0.0,83.3508148193,,
24,110.180936237,118.702569839,1.001781,24,0.0,85.2393035889,,
25,107.949826866,115.406323962,1.001442,25,0.0,87.8698425293,,
26,105.995942965,112.540121428,1.001548,26,0.0,88.410987854,,
27,103.884811498,109.621844798,1.001856,27,0.0,84.8846282959,,
28,101.700632564,106.72764185,1.002328,28,0.0,82.0430221558,,
29,99.3493284625,103.74729653,1.002205,29,0.0,78.1875915527,,
30,97.4238224961,101.288173179,1.00162,30,0.0,80.0942687988,,
31,95.4497736816,98.8437557294,1.0028,31,0.0,77.6833343506,,
32,93.5391407958,96.5219742679,1.001635,32,0.0,76.3434448242,,
33,91.6903941052,94.3135208714,1.001828,33,0.0,75.0516738892,,
34,90.4930267527,92.8163646951,1.002525,34,0.0,79.7167205811,,
35,89.3489357169,91.4082165408,1.001585,35,0.0,79.052116394,,
36,88.0454546513,89.8675699205,1.00193,36,0.0,76.314125061,,
37,86.4341358097,88.0407028755,1.001955,37,0.0,71.9322662354,,
38,85.570998718,86.9998143534,1.002123,38,0.0,77.8027648926,,
39,84.2271381345,85.4907671564,1.002673,39,0.0,72.1323928833,,
40,83.4283859605,84.5531795447,1.002211,40,0.0,76.239616394,,
41,82.3876637585,83.3860039569,1.002254,41,0.0,73.0211639404,,
42,81.5460928172,82.4343446154,1.002157,42,0.0,73.9719543457,,
43,80.6509607694,81.4407517855,1.002904,43,0.0,72.5947723389,,
44,79.4737011487,80.1734521179,1.00194,44,0.0,68.878364563,,
45,78.6604710485,79.2832542678,1.001482,45,0.0,71.3414001465,,
46,78.7874911128,79.3484569706,1.00223,46,0.0,79.9306716919,,
47,77.8213915377,78.3197152497,1.001997,47,0.0,69.1264953613,,
48,77.4291541173,77.8750994024,1.00248,48,0.0,73.899017334,,
49,77.0860113496,77.4853534431,1.0022,49,0.0,73.9977264404,,
50,76.1963684971,76.5514445404,1.001617,50,0.0,68.1895828247,,
51,75.5807172431,75.8975559864,1.002897,51,0.0,70.039855957,,
52,75.1226760364,75.4059840193,1.00231,52,0.0,71.0003051758,,
53,74.8371601417,75.091072487,1.002241,53,0.0,72.2675170898,,
54,74.7289064689,74.9570196229,1.002183,54,0.0,73.7546234131,,
55,74.2639717546,74.4679340232,1.002127,55,0.0,70.0795593262,,
56,73.9766462344,74.1594518569,1.002429,56,0.0,71.3907165527,,
57,73.5073843209,73.670825348,1.001831,57,0.0,69.2840270996,,
58,73.4911307521,73.6381624592,1.002477,58,0.0,73.3448486328,,
59,73.4328563,73.5650534587,1.00243,59,0.0,72.9083862305,,
60,73.4932129429,73.6122667443,1.002029,60,0.0,74.0364227295,,
61,72.7504842084,72.8565325994,1.001863,61,0.0,66.0659255981,,
62,72.4928132595,72.5879049036,1.001942,62,0.0,70.1737747192,,
63,72.5712472351,72.6569110743,1.002632,63,0.0,73.2771530151,,
64,72.3217885272,72.398611897,1.002417,64,0.0,70.0766601562,,
65,72.1550912419,72.2240655821,1.001627,65,0.0,70.6548156738,,
66,71.5797134958,71.6412895034,1.002149,66,0.0,66.4013137817,,
67,71.391528218,71.4467961737,1.002195,67,0.0,69.6978607178,,
68,70.7181140742,70.7673822273,1.002337,68,0.0,64.6573867798,,
69,70.8247282649,70.8691333578,1.002489,69,0.0,71.7842559814,,
70,71.6643776308,71.7048134719,1.002435,70,0.0,79.2212219238,,
71,71.1094350765,71.1455434878,1.002573,71,0.0,66.1149520874,,
72,71.2926886514,71.3252683155,1.001929,72,0.0,72.9419708252,,
73,71.1155094774,71.1447569672,1.002403,73,0.0,69.5208969116,,
74,70.5233532135,70.5494556997,1.002169,74,0.0,65.1939468384,,
75,70.8732777188,70.896885647,1.002835,75,0.0,74.0225982666,,
76,70.9609774127,70.982250131,1.00232,76,0.0,71.7502746582,,
77,70.5627892174,70.581826661,1.002286,77,0.0,66.979095459,,
78,70.5657311819,70.5828651332,1.002279,78,0.0,70.5922088623,,
79,70.493012739,70.5084170302,1.002084,79,0.0,69.8385467529,,
80,70.1003749782,70.114161319,1.001953,80,0.0,66.5666351318,,
81,69.9341698779,69.946547923,1.001838,81,0.0,68.4383239746,,
82,69.2424199128,69.2534497651,1.00196,82,0.0,63.0166702271,,
83,68.5273106882,68.5371348779,1.002609,83,0.0,62.0913276672,,
84,68.6112350454,68.6200875176,1.002392,84,0.0,69.3665542603,,
85,68.4468705741,68.4548186103,1.001535,85,0.0,66.967590332,,
86,68.2068862755,68.214014345,1.002655,86,0.0,66.0470275879,,
87,68.144362626,68.1507719409,1.00169,87,0.0,67.5816497803,,
88,67.9734604515,67.979214314,1.001721,88,0.0,66.4353408813,,
89,68.1022893331,68.1074775801,1.002312,89,0.0,69.2617492676,,
90,67.8744029291,67.879056691,1.001637,90,0.0,65.823425293,,
91,67.8619046528,67.8660922385,1.001831,91,0.0,67.749420166,,
92,67.7901909636,67.7939557848,1.002191,92,0.0,67.1447677612,,
93,67.4444726485,67.4478436889,1.00254,93,0.0,64.3330078125,,
94,67.3523660819,67.3553958598,1.002446,94,0.0,66.5234069824,,
95,67.2634254027,67.2661485897,1.001715,95,0.0,66.4629592896,,
96,67.2181421275,67.220591336,1.002436,96,0.0,66.8105926514,,
97,67.1369223972,67.1391240133,1.002966,97,0.0,66.4059448242,,
98,66.714554773,66.7165237554,1.002237,98,0.0,62.9132461548,,
99,66.8926186438,66.8943954525,1.002608,99,0.0,68.4951934814,,
100,66.4619505294,66.4635393576,1.001856,100,0.0,62.5859375,,
101,66.2720054765,66.2734313317,1.002523,101,0.0,64.5625,,
102,66.4921094638,66.4933969927,1.002889,102,0.0,68.4730453491,,
103,66.4106505926,66.4118079468,1.002124,103,0.0,65.677520752,,
104,66.5866952135,66.5877395916,1.002714,104,0.0,68.1710968018,,
105,66.3614515955,66.3623883548,1.001902,105,0.0,64.3342590332,,
106,65.9729562009,65.9737943475,1.003456,106,0.0,62.4764976501,,
107,65.7929663365,65.7937186094,1.003303,107,0.0,64.1730575562,,
108,65.7749764655,65.7756533253,1.002646,108,0.0,65.613067627,,
109,65.9857951642,65.9864062898,1.003421,109,0.0,67.8831634521,,
110,66.3835016585,66.3840549861,1.002115,110,0.0,69.9628601074,,
111,66.242085239,66.2425821725,1.002495,111,0.0,64.9693374634,,
112,66.710140509,66.710590909,1.001954,112,0.0,70.9226379395,,
113,66.3390444421,66.3394475469,1.002062,113,0.0,62.9991798401,,
114,66.4722840104,66.4726475331,1.001839,114,0.0,67.6714401245,,
115,66.5195990664,66.5199264695,1.001764,115,0.0,66.9454345703,,
116,66.4575263973,66.457820785,1.002328,116,0.0,65.8988723755,,
117,65.8805893703,65.8808520191,1.002124,117,0.0,60.6881561279,,
118,65.4892597119,65.4894946915,1.001765,118,0.0,61.9672927856,,
119,66.004379456,66.0045926011,1.002389,119,0.0,70.6404571533,,
120,66.6171952946,66.6173889061,1.001135,120,0.0,72.1325378418,,
121,66.7819428977,66.782117579,1.002501,121,0.0,68.2646713257,,
122,66.3597090724,66.3598652915,1.002007,122,0.0,62.5596046448,,
123,66.5345673278,66.5347082954,1.002178,123,0.0,68.108291626,,
124,66.4466127617,66.4467394649,1.001841,124,0.0,65.6550216675,,
125,65.8052138147,65.8053267467,1.0015,125,0.0,60.032623291,,
126,65.5709540299,65.5710553069,1.001572,126,0.0,63.4626159668,,
127,65.5760076747,65.5760988311,1.00275,127,0.0,65.6214904785,,
128,65.5137789165,65.5138608794,1.001822,128,0.0,64.9537200928,,
129,65.0779146357,65.0779879115,1.002191,129,0.0,61.1551361084,,
130,65.2689795259,65.2690456677,1.001743,130,0.0,66.9885635376,,
131,64.5279942778,64.5280531296,1.001884,131,0.0,57.8591270447,,
132,64.1436057234,64.1436583745,1.002314,132,0.0,60.6841087341,,
133,64.1256871829,64.1257345557,1.002062,133,0.0,63.9644203186,,
134,63.673736293,63.673778628,1.002425,134,0.0,59.6061782837,,
135,63.7101346364,63.7101727596,1.001527,135,0.0,64.0377197266,,
136,63.8290259579,63.8290603329,1.001287,136,0.0,64.8990478516,,
137,63.5979406839,63.5979715093,1.002149,137,0.0,61.5181732178,,
138,63.3282833342,63.3283109595,1.002163,138,0.0,60.9013671875,,
139,63.4005232076,63.4005480987,1.001702,139,0.0,64.0506820679,,
140,63.2174708563,63.2174931936,1.001324,140,0.0,61.5699996948,,
141,63.2982696997,63.2982898289,1.002166,141,0.0,64.0254592896,,
142,63.3430177724,63.3430359016,1.001807,142,0.0,63.7457504272,,
143,63.8792802652,63.8792967196,1.002555,143,0.0,68.7056427002,,
144,63.5565114641,63.5565261982,1.001496,144,0.0,60.6515922546,,
145,63.2985714994,63.2985847062,1.001301,145,0.0,60.9771118164,,
146,63.3905496766,63.39056158,1.002198,146,0.0,64.2183532715,,
147,63.468340412,63.4683511383,1.001995,147,0.0,64.1684570312,,
148,63.8588568347,63.8588665477,1.002076,148,0.0,67.3735046387,,
149,63.7529989222,63.7530076495,1.001975,149,0.0,62.80027771,,
150,63.926237238,63.9262451139,1.001532,150,0.0,65.4853820801,,
151,63.7527602427,63.7527673118,1.002052,151,0.0,62.1914672852,,
152,62.8307953757,62.8308016458,1.002568,152,0.0,54.5331115723,,
153,62.4977989985,62.4978046117,1.001953,153,0.0,59.500831604,,
154,62.2335366005,62.233541631,1.002566,154,0.0,59.8551750183,,
155,62.4016349668,62.4016395065,1.001792,155,0.0,63.9145202637,,
156,62.5406996806,62.5407037754,1.001997,156,0.0,63.7922821045,,
157,62.3785982489,62.3786019247,1.001863,157,0.0,60.9196853638,,
158,62.6657292687,62.6657325922,1.002153,158,0.0,65.2499084473,,
159,61.9673078159,61.9673107736,1.001699,159,0.0,55.68151474,,
160,61.9576257556,61.9576284172,1.001867,160,0.0,61.8704872131,,
161,62.1581705531,62.1581729562,1.001989,161,0.0,63.9630737305,,
162,62.652695905,62.6526980851,1.002235,162,0.0,67.1034240723,,
163,62.6831183769,62.6831203399,1.002544,163,0.0,62.9569206238,,
164,62.8898294274,62.8898311999,1.002209,164,0.0,64.7502288818,,
165,62.8438278231,62.8438294172,1.001652,165,0.0,62.429813385,,
166,63.2305807525,63.230582196,1.001827,166,0.0,66.7113571167,,
167,63.5224884976,63.5224898027,1.002173,167,0.0,66.1496582031,,
168,63.9858097162,63.9858108994,1.003336,168,0.0,68.1557006836,,
169,63.5225253754,63.5225264326,1.002243,169,0.0,59.3529663086,,
170,62.9388336289,62.9388345716,1.003007,170,0.0,57.6856079102,,
171,62.7933641149,62.7933649614,1.002276,171,0.0,61.4841384888,,
172,62.9835925227,62.9835932869,1.00221,172,0.0,64.6956481934,,
173,63.2319076174,63.2319083078,1.002552,173,0.0,65.4667434692,,
174,63.099009214,63.0990098341,1.001929,174,0.0,61.902923584,,
175,62.4673317118,62.4673322643,1.002177,175,0.0,56.7822341919,,
176,62.3670417169,62.3670422134,1.001719,176,0.0,61.4644317627,,
177,62.3463398188,62.3463402654,1.001756,177,0.0,62.1600227356,,
178,61.7347069355,61.7347073336,1.003153,178,0.0,56.2300109863,,
179,61.7914799248,61.7914802834,1.00147,179,0.0,62.3024368286,,
180,61.5875440295,61.5875443512,1.001374,180,0.0,59.7521209717,,
181,62.3679284205,62.3679287137,1.00173,181,0.0,69.3913879395,,
182,62.1066604808,62.1066607435,1.001499,182,0.0,59.7552490234,,
183,62.0024527152,62.0024529513,1.002179,183,0.0,61.0645828247,,
184,62.1429125523,62.1429127653,1.001072,184,0.0,63.4070510864,,
185,62.3253559162,62.3253561084,1.00138,185,0.0,63.9673461914,,
186,61.8765704772,61.8765706489,1.002814,186,0.0,57.8375015259,,
187,61.8824383623,61.8824385169,1.002248,187,0.0,61.9352493286,,
188,61.7939091867,61.7939093257,1.001453,188,0.0,60.9971466064,,
189,62.0562014651,62.0562015907,1.001943,189,0.0,64.4168319702,,
190,61.8140281264,61.814028239,1.001549,190,0.0,59.6344680786,,
191,62.164717599,62.1647177008,1.002706,191,0.0,65.3209228516,,
192,62.0750402727,62.0750403642,1.001482,192,0.0,61.2679443359,,
193,61.9779442654,61.9779443477,1.001895,193,0.0,61.1040802002,,
194,62.0487030005,62.0487030746,1.001733,194,0.0,62.6855316162,,
195,61.9204157998,61.9204158664,1.001721,195,0.0,60.7658309937,,
196,61.7703862438,61.7703863035,1.00162,196,0.0,60.4201202393,,
197,61.5851032956,61.5851033493,1.002865,197,0.0,59.9175567627,,
198,61.7655864201,61.7655864685,1.001201,198,0.0,63.3899345398,,
199,61.4773540415,61.4773540849,1.002708,199,0.0,58.8832626343,,
200,61.7493726657,61.7493727049,1.002419,200,0.0,64.1975402832,,
201,61.7161597948,61.7161598301,1.002231,201,0.0,61.4172439575,,
202,61.3136863477,61.3136863792,1.001901,202,0.0,57.6914253235,,
203,61.0357959539,61.0357959822,1.002114,203,0.0,58.5347824097,,
204,60.6517464641,60.6517464894,1.001987,204,0.0,57.1953010559,,
205,60.653931742,60.6539317647,1.001904,205,0.0,60.6735992432,,
206,60.6381788419,60.6381788623,1.001872,206,0.0,60.4964027405,,
207,60.4552291065,60.4552291248,1.002407,207,0.0,58.808681488,,
208,61.0127075996,61.0127076163,1.003158,208,0.0,66.0300140381,,
209,61.2647113758,61.2647113909,1.001648,209,0.0,63.5327453613,,
210,61.6216646157,61.6216646293,1.001506,210,0.0,64.8342437744,,
211,62.2621928562,62.2621928687,1.001916,211,0.0,68.0269470215,,
212,62.165788863,62.1657888741,1.001532,212,0.0,61.2981529236,,
213,61.91427002,61.91427003,1.002206,213,0.0,59.6506004333,,
214,62.6160849003,62.6160849094,1.002246,214,0.0,68.9324188232,,
215,62.581829697,62.5818297052,1.0022,215,0.0,62.2735328674,,
216,61.7413438709,61.7413438782,1.001983,216,0.0,54.1769714355,,
217,62.0993978993,62.0993979059,1.001972,217,0.0,65.3218841553,,
218,62.0480293527,62.0480293586,1.001737,218,0.0,61.5857124329,,
219,62.0419370497,62.0419370551,1.002242,219,0.0,61.9871063232,,
220,61.8050376563,61.8050376611,1.001755,220,0.0,59.6729431152,,
221,61.7626419534,61.7626419577,1.002496,221,0.0,61.3810806274,,
222,61.7846817437,61.7846817475,1.001845,222,0.0,61.983039856,,
223,61.7111013409,61.7111013444,1.002564,223,0.0,61.0488777161,,
224,61.5152467915,61.5152467946,1.002171,224,0.0,59.7525558472,,
225,61.3186957147,61.3186957175,1.002496,225,0.0,59.5497360229,,
226,61.4900701618,61.4900701643,1.003271,226,0.0,63.0324401855,,
227,61.2948118486,61.2948118508,1.003176,227,0.0,59.53748703,,
228,60.7127576504,60.7127576524,1.002302,228,0.0,55.4742698669,,
229,60.5153531165,60.5153531183,1.001919,229,0.0,58.7387123108,,
230,60.7882898507,60.7882898523,1.001748,230,0.0,63.244720459,,
231,61.085854756,61.0858547575,1.002242,231,0.0,63.7639389038,,
232,61.6819468622,61.6819468636,1.002624,232,0.0,67.0467758179,,
233,61.5904985444,61.5904985456,1.002853,233,0.0,60.7674636841,,
234,61.6007377067,61.6007377078,1.002179,234,0.0,61.6928901672,,
235,61.3437858843,61.3437858852,1.001833,235,0.0,59.0312194824,,
236,61.4173983237,61.4173983245,1.002608,236,0.0,62.0799102783,,
237,60.8834728986,60.8834728994,1.002225,237,0.0,56.0781440735,,
238,61.0011883071,61.0011883078,1.002508,238,0.0,62.0606269836,,
239,60.666801288,60.6668012886,1.002434,239,0.0,57.6573181152,,
240,61.0550741621,61.0550741627,1.002331,240,0.0,64.5495300293,,
241,60.550043583,60.5500435835,1.002516,241,0.0,56.0047683716,,
242,60.5368360997,60.5368361002,1.002643,242,0.0,60.41796875,,
243,60.6855488826,60.685548883,1.00267,243,0.0,62.0239639282,,
244,60.7623003908,60.7623003912,1.002182,244,0.0,61.4530639648,,
245,61.7846978237,61.784697824,1.002112,245,0.0,70.9862747192,,
246,61.5658803698,61.5658803701,1.002655,246,0.0,59.5965232849,,
247,61.6584309742,61.6584309744,1.002069,247,0.0,62.4913864136,,
248,60.6061544661,60.6061544663,1.002288,248,0.0,51.1356658936,,
249,60.8768645505,60.8768645507,1.002444,249,0.0,63.3132553101,,
250,60.7712741953,60.7712741955,1.002255,250,0.0,59.8209609985,,
251,60.3789146896,60.3789146898,1.00249,251,0.0,56.8476791382,,
252,60.5086497923,60.5086497924,1.002734,252,0.0,61.6762657166,,
253,60.7082185441,60.7082185443,1.002511,253,0.0,62.5043373108,,
254,60.6047535623,60.6047535624,1.00215,254,0.0,59.6735687256,,
255,60.2248156206,60.2248156207,1.003637,255,0.0,56.8053741455,,
256,60.2487459543,60.2487459544,1.002497,256,0.0,60.4641189575,,
257,60.0793179836,60.0793179837,1.003301,257,0.0,58.5544662476,,
258,59.8920759588,59.8920759589,1.002815,258,0.0,58.2068977356,,
259,59.4824883428,59.4824883429,1.002127,259,0.0,55.7961997986,,
260,58.9776705998,58.9776705999,1.00193,260,0.0,54.4343109131,,
261,59.0066930143,59.0066930144,1.001889,261,0.0,59.2678947449,,
262,59.3156111915,59.3156111916,1.002196,262,0.0,62.0958747864,,
263,58.9486359488,58.9486359489,1.002872,263,0.0,55.6458587646,,
264,58.9542869566,58.9542869567,1.002842,264,0.0,59.0051460266,,
265,58.7591107939,58.759110794,1.002928,265,0.0,57.0025253296,,
266,58.3389744032,58.3389744033,1.002325,266,0.0,54.5577468872,,
267,58.2372012915,58.2372012916,1.002846,267,0.0,57.3212432861,,
268,58.5519958719,58.5519958719,1.002261,268,0.0,61.3851470947,,
269,58.4234026537,58.4234026537,1.0024,269,0.0,57.2660636902,,
270,58.5560692548,58.5560692548,1.001776,270,0.0,59.7500686646,,
271,59.0878677248,59.0878677248,1.002543,271,0.0,63.8740539551,,
272,59.2646919142,59.2646919143,1.00264,272,0.0,60.8561096191,,
273,58.9529409693,58.9529409693,1.002099,273,0.0,56.1471824646,,
274,58.8233996647,58.8233996647,1.001779,274,0.0,57.6575279236,,
275,58.2744733945,58.2744733945,1.002471,275,0.0,53.3341369629,,
276,57.8840400626,57.8840400627,1.002147,276,0.0,54.3701400757,,
277,58.1762581572,58.1762581572,1.002702,277,0.0,60.8062210083,,
278,58.0275501882,58.0275501882,1.001949,278,0.0,56.6891784668,,
279,58.2110969729,58.2110969729,1.002284,279,0.0,59.8630180359,,
280,58.412853334,58.412853334,1.002194,280,0.0,60.2286605835,,
281,58.3086247328,58.3086247328,1.002645,281,0.0,57.3705673218,,
282,58.4350658789,58.4350658789,1.002273,282,0.0,59.5730361938,,
283,58.2238110305,58.2238110305,1.002533,283,0.0,56.322517395,,
284,58.3297204853,58.3297204853,1.002155,284,0.0,59.2829055786,,
285,58.9065888298,58.9065888298,1.001977,285,0.0,64.0984039307,,
286,58.7413838958,58.7413838958,1.001809,286,0.0,57.2545394897,,
287,58.7609596481,58.7609596481,1.003404,287,0.0,58.9371414185,,
288,58.2885036674,58.2885036674,1.002772,288,0.0,54.0363998413,,
289,57.9559175676,57.9559175676,1.002071,289,0.0,54.9626426697,,
290,57.5009813285,57.5009813285,1.002153,290,0.0,53.4065551758,,
291,57.9612896898,57.9612896898,1.003075,291,0.0,62.1040649414,,
292,57.8207812957,57.8207812957,1.002317,292,0.0,56.5562057495,,
293,57.3987598526,57.3987598526,1.002269,293,0.0,53.600566864,,
294,56.9792406178,56.9792406178,1.00246,294,0.0,53.2035675049,,
295,56.1201631441,56.1201631441,1.002018,295,0.0,48.3884658813,,
296,56.2536668493,56.2536668493,1.00211,296,0.0,57.4552001953,,
297,56.5513390285,56.5513390285,1.001804,297,0.0,59.2303886414,,
298,56.4216876848,56.4216876848,1.002635,298,0.0,55.254825592,,
299,56.656401088,56.656401088,1.002502,299,0.0,58.7688217163,,
300,56.2272390218,56.2272390218,1.001806,300,0.0,52.364780426,,
301,56.6225201092,56.6225201092,1.00284,301,0.0,60.1800498962,,
302,56.6904057326,56.6904057326,1.002153,302,0.0,57.3013763428,,
303,56.6358404096,56.6358404096,1.00325,303,0.0,56.1447525024,,
304,56.4989256801,56.4989256801,1.002453,304,0.0,55.2666931152,,
305,56.4173497625,56.4173497625,1.001844,305,0.0,55.6831665039,,
306,56.3008314611,56.3008314611,1.002574,306,0.0,55.252166748,,
307,55.8594095088,55.8594095088,1.001722,307,0.0,51.8866119385,,
308,55.3174260775,55.3174260775,1.002719,308,0.0,50.4395751953,,
309,55.2021580028,55.2021580028,1.001944,309,0.0,54.1647453308,,
310,55.2345361967,55.2345361967,1.001909,310,0.0,55.5259399414,,
311,55.0447415583,55.0447415583,1.002062,311,0.0,53.3365898132,,
312,55.3175562208,55.3175562208,1.002391,312,0.0,57.7728881836,,
313,55.0375553595,55.0375553595,1.002085,313,0.0,52.5175476074,,
314,54.9835926855,54.9835926855,1.002609,314,0.0,54.4979286194,,
315,55.5479706911,55.5479706911,1.001515,315,0.0,60.6273727417,,
316,55.8089760054,55.8089760054,1.002422,316,0.0,58.1580238342,,
317,56.3711978354,56.3711978354,1.002481,317,0.0,61.4311943054,,
318,56.1565778993,56.1565778993,1.001674,318,0.0,54.2249984741,,
319,55.9170443006,55.9170443006,1.002618,319,0.0,53.7612419128,,
320,55.6648525049,55.6648525049,1.002527,320,0.0,53.3951263428,,
321,55.6481727048,55.6481727048,1.002287,321,0.0,55.4980545044,,
322,55.7147435264,55.7147435264,1.00189,322,0.0,56.3138809204,,
323,55.9137392207,55.9137392207,1.002797,323,0.0,57.70470047,,
324,55.7475575594,55.7475575594,1.002708,324,0.0,54.2519226074,,
325,55.5775724639,55.5775724639,1.001839,325,0.0,54.047706604,,
326,55.4643388381,55.4643388381,1.002184,326,0.0,54.4452362061,,
327,55.7358557752,55.7358557752,1.001891,327,0.0,58.1795082092,,
328,55.4954069469,55.4954069469,1.002137,328,0.0,53.3313674927,,
329,55.3715319169,55.3715319169,1.00273,329,0.0,54.2566566467,,
330,55.4231856405,55.4231856405,1.00122,330,0.0,55.8880691528,,
331,55.4388756519,55.4388756519,1.002015,331,0.0,55.5800857544,,
332,55.3188116341,55.3188116341,1.002297,332,0.0,54.2382354736,,
333,55.5200237324,55.5200237324,1.002064,333,0.0,57.3309326172,,
334,55.483439984,55.483439984,1.002705,334,0.0,55.1541862488,,
335,55.9850898821,55.9850898821,1.001456,335,0.0,60.4999389648,,
336,55.4591925119,55.4591925119,1.001926,336,0.0,50.7261161804,,
337,55.1102184512,55.1102184512,1.002503,337,0.0,51.9694519043,,
338,54.8095023922,54.8095023922,1.002021,338,0.0,52.1030578613,,
339,54.2826033615,54.2826033615,1.002377,339,0.0,49.540512085,,
340,53.583089821,53.583089821,1.002327,340,0.0,47.2874679565,,
341,53.0874341897,53.0874341897,1.002108,341,0.0,48.6265335083,,
342,52.753977636,52.753977636,1.002712,342,0.0,49.7528686523,,
343,53.0676019366,53.0676019366,1.002064,343,0.0,55.8902206421,,
344,52.9533641733,52.9533641733,1.002151,344,0.0,51.9252243042,,
345,53.0939030764,53.0939030764,1.001772,345,0.0,54.3587532043,,
346,53.7256558047,53.7256558047,1.002029,346,0.0,59.4114303589,,
347,53.510993514,53.510993514,1.002513,347,0.0,51.5790328979,,
348,53.4550151648,53.4550151648,1.002225,348,0.0,52.951210022,,
349,53.9633344491,53.9633344491,1.00243,349,0.0,58.5382080078,,
350,53.7891094637,53.7891094637,1.002532,350,0.0,52.2210845947,,
351,53.7432192998,53.7432192998,1.002489,351,0.0,53.3302078247,,
352,53.8511868748,53.8511868748,1.002819,352,0.0,54.82289505,,
353,53.9588534504,53.9588534504,1.002359,353,0.0,54.9278526306,,
354,54.4591091576,54.4591091576,1.002474,354,0.0,58.9614105225,,
355,54.3745458218,54.3745458218,1.002417,355,0.0,53.6134757996,,
356,54.0442453229,54.0442453229,1.002835,356,0.0,51.0715408325,,
357,53.8912024739,53.8912024739,1.002956,357,0.0,52.5138168335,,
358,53.452807019,53.452807019,1.002399,358,0.0,49.5072479248,,
359,53.3124579577,53.3124579577,1.002955,359,0.0,52.0493164062,,
360,53.34807732,53.34807732,1.002513,360,0.0,53.6686515808,,
361,53.3367181507,53.3367181507,1.002351,361,0.0,53.2344856262,,
362,52.9425154823,52.9425154823,1.002688,362,0.0,49.3946914673,,
363,52.9213344602,52.9213344602,1.002345,363,0.0,52.7307052612,,
364,53.3833346202,53.3833346202,1.002524,364,0.0,57.5413360596,,
365,53.0186965317,53.0186965317,1.001966,365,0.0,49.7369537354,,
366,52.9017077074,52.9017077074,1.002751,366,0.0,51.8488082886,,
367,52.9501161145,52.9501161145,1.00266,367,0.0,53.3857917786,,
368,52.6623310655,52.6623310655,1.002044,368,0.0,50.072265625,,
369,52.4853141913,52.4853141913,1.001783,369,0.0,50.892162323,,
370,51.9200267144,51.9200267144,1.001738,370,0.0,46.8324394226,,
371,52.2844979657,52.2844979657,1.002367,371,0.0,55.5647392273,,
372,51.9833896303,51.9833896303,1.003282,372,0.0,49.2734146118,,
373,52.0261364827,52.0261364827,1.002426,373,0.0,52.4108581543,,
374,52.0633795544,52.0633795544,1.002229,374,0.0,52.3985671997,,
375,52.1039074437,52.1039074437,1.002251,375,0.0,52.4686584473,,
376,52.0196466127,52.0196466127,1.002473,376,0.0,51.2612991333,,
377,51.955697317,51.955697317,1.002814,377,0.0,51.380153656,,
378,51.5916926793,51.5916926793,1.002402,378,0.0,48.3156509399,,
379,51.2157051741,51.2157051741,1.00257,379,0.0,47.831817627,,
380,51.1800767343,51.1800767343,1.002073,380,0.0,50.8594207764,,
381,51.822254684,51.822254684,1.002764,381,0.0,57.6018562317,,
382,52.4996182201,52.4996182201,1.002913,382,0.0,58.5958900452,,
383,52.3128468583,52.3128468583,1.002642,383,0.0,50.6319046021,,
384,52.1399697653,52.1399697653,1.002326,384,0.0,50.5840759277,,
385,52.1318466596,52.1318466596,1.001875,385,0.0,52.0587387085,,
386,52.1205800234,52.1205800234,1.002468,386,0.0,52.0191802979,,
387,52.0702102535,52.0702102535,1.002778,387,0.0,51.6168823242,,
388,51.9902426797,51.9902426797,1.002192,388,0.0,51.2705345154,,
389,52.1827886937,52.1827886937,1.002675,389,0.0,53.9157028198,,
390,52.0250727211,52.0250727211,1.002159,390,0.0,50.6056289673,,
391,51.9411647684,51.9411647684,1.003007,391,0.0,51.1859931946,,
392,51.4284138769,51.4284138769,1.002698,392,0.0,46.8136558533,,
393,51.2763176522,51.2763176522,1.002308,393,0.0,49.9074516296,,
394,51.7790287519,51.7790287519,1.002348,394,0.0,56.3034286499,,
395,51.6551244424,51.6551244424,1.002387,395,0.0,50.5399856567,,
396,51.1087282091,51.1087282091,1.002179,396,0.0,46.1911621094,,
397,50.8151508441,50.8151508441,1.002486,397,0.0,48.1729545593,,
398,50.7360596184,50.7360596184,1.002178,398,0.0,50.0242385864,,
399,50.511421018,50.511421018,1.003141,399,0.0,48.4896736145,,
400,50.4130808113,50.4130808113,1.001543,400,0.0,49.5280189514,,
401,50.4308631538,50.4308631538,1.002777,401,0.0,50.5909042358,,
402,50.2630061017,50.2630061017,1.002197,402,0.0,48.7522926331,,
403,49.5671147323,49.5671147323,1.003049,403,0.0,43.3040924072,,
404,49.4600858762,49.4600858762,1.002738,404,0.0,48.4968261719,,
405,49.5066531248,49.5066531248,1.001918,405,0.0,49.9257583618,,
406,49.5287981761,49.5287981761,1.00253,406,0.0,49.7281036377,,
407,49.4572259604,49.4572259604,1.002216,407,0.0,48.8130760193,,
408,49.2338853376,49.2338853376,1.00292,408,0.0,47.2238197327,,
409,48.9920096365,48.9920096365,1.002505,409,0.0,46.8151283264,,
410,49.4226151914,49.4226151914,1.00227,410,0.0,53.2980651855,,
411,48.9831822703,48.9831822703,1.002642,411,0.0,45.0282859802,,
412,49.2921051016,49.2921051016,1.002667,412,0.0,52.0724105835,,
413,49.251862487,49.251862487,1.002417,413,0.0,48.8896789551,,
414,49.1435864098,49.1435864098,1.00269,414,0.0,48.1691017151,,
415,48.8876597756,48.8876597756,1.001294,415,0.0,46.5843200684,,
416,48.833030761,48.833030761,1.00307,416,0.0,48.3413696289,,
417,48.7375549859,48.7375549859,1.001949,417,0.0,47.8782730103,,
418,48.6975515472,48.6975515472,1.002064,418,0.0,48.3375205994,,
419,48.6539423276,48.6539423276,1.002532,419,0.0,48.2614593506,,
420,48.3491758414,48.3491758414,1.002416,420,0.0,45.6062774658,,
421,47.9020611442,47.9020611442,1.002453,421,0.0,43.8780288696,,
422,47.7345234868,47.7345234868,1.002226,422,0.0,46.2266845703,,
423,47.9221974657,47.9221974657,1.002703,423,0.0,49.6112632751,,
424,47.7119479339,47.7119479339,1.00337,424,0.0,45.8197021484,,
425,47.0838615085,47.0838615085,1.001603,425,0.0,41.4310836792,,
426,47.1390854345,47.1390854345,1.002319,426,0.0,47.636100769,,
427,47.1956362569,47.1956362569,1.002647,427,0.0,47.7045936584,,
428,46.97455133,46.97455133,1.002823,428,0.0,44.9847869873,,
429,46.7852955073,46.7852955073,1.002596,429,0.0,45.081993103,,
430,46.9386743733,46.9386743733,1.002483,430,0.0,48.3190841675,,
431,47.0081400658,47.0081400658,1.00278,431,0.0,47.6333312988,,
432,46.7349963473,46.7349963473,1.002259,432,0.0,44.2767028809,,
433,47.0103248376,47.0103248376,1.002062,433,0.0,49.48828125,,
434,46.7104886429,46.7104886429,1.002824,434,0.0,44.0119628906,,
435,46.2056003621,46.2056003621,1.00237,435,0.0,41.661605835,,
436,46.0162517975,46.0162517975,1.002281,436,0.0,44.3121147156,,
437,45.8002917483,45.8002917483,1.002654,437,0.0,43.8566513062,,
438,45.8428173525,45.8428173525,1.00226,438,0.0,46.2255477905,,
439,45.5567614016,45.5567614016,1.002924,439,0.0,42.982257843,,
440,45.4447368422,45.4447368422,1.001595,440,0.0,44.4365158081,,
441,45.9213286793,45.9213286793,1.001864,441,0.0,50.2106552124,,
442,45.9059349318,45.9059349318,1.002401,442,0.0,45.7673912048,,
443,45.9319628376,45.9319628376,1.002474,443,0.0,46.1662139893,,
444,45.4034462718,45.4034462718,1.002787,444,0.0,40.6467971802,,
445,45.5057297422,45.5057297422,1.002209,445,0.0,46.4262809753,,
446,45.9612488395,45.9612488395,1.002555,446,0.0,50.0609207153,,
447,46.1643503349,46.1643503349,1.002416,447,0.0,47.9922637939,,
448,46.2177692748,46.2177692748,1.002237,448,0.0,46.6985397339,,
449,46.2257004467,46.2257004467,1.001895,449,0.0,46.2970809937,,
450,45.9419552464,45.9419552464,1.003357,450,0.0,43.3882484436,,
451,45.7385685902,45.7385685902,1.002181,451,0.0,43.9080886841,,
452,45.8220378573,45.8220378573,1.003284,452,0.0,46.573261261,,
453,45.2456209673,45.2456209673,1.002433,453,0.0,40.0578689575,,
454,44.9897684348,44.9897684348,1.002095,454,0.0,42.6870956421,,
455,44.9194445454,44.9194445454,1.001646,455,0.0,44.286529541,,
456,44.571651397,44.571651397,1.002524,456,0.0,41.4415130615,,
457,44.219057409,44.219057409,1.0026,457,0.0,41.0457115173,,
458,44.0791997028,44.0791997028,1.002295,458,0.0,42.8204803467,,
459,44.0269361656,44.0269361656,1.002494,459,0.0,43.5565643311,,
460,44.3270822097,44.3270822097,1.001874,460,0.0,47.0283966064,,
461,44.199241161,44.199241161,1.002452,461,0.0,43.0486717224,,
462,44.2971644875,44.2971644875,1.002254,462,0.0,45.1784744263,,
463,44.350641627,44.350641627,1.003354,463,0.0,44.8319358826,,
464,44.3014966538,44.3014966538,1.002727,464,0.0,43.8591918945,,
465,44.4248572728,44.4248572728,1.0016,465,0.0,45.5351028442,,
466,44.4598617799,44.4598617799,1.003028,466,0.0,44.7749023438,,
467,44.3192371589,44.3192371589,1.001708,467,0.0,43.0536155701,,
468,44.0716293152,44.0716293152,1.003057,468,0.0,41.8431587219,,
469,43.882311156,43.882311156,1.002389,469,0.0,42.1784477234,,
470,44.0547066426,44.0547066426,1.001655,470,0.0,45.6062660217,,
471,44.1242420819,44.1242420819,1.002225,471,0.0,44.7500610352,,
472,43.9505618465,43.9505618465,1.002105,472,0.0,42.3874397278,,
473,43.7603529976,43.7603529976,1.001999,473,0.0,42.0484733582,,
474,43.8397936958,43.8397936958,1.002698,474,0.0,44.5547599792,,
475,43.4754783277,43.4754783277,1.001525,475,0.0,40.1966400146,,
476,43.6645924059,43.6645924059,1.0022,476,0.0,45.3666191101,,
477,43.3187050647,43.3187050647,1.001774,477,0.0,40.2057189941,,
478,43.1282617891,43.1282617891,1.00248,478,0.0,41.4142723083,,
479,42.9378030876,42.9378030876,1.002212,479,0.0,41.2236747742,,
480,43.0610485357,43.0610485357,1.0015,480,0.0,44.1702575684,,
481,42.6796491875,42.6796491875,1.00295,481,0.0,39.2470550537,,
482,42.7107714117,42.7107714117,1.002748,482,0.0,42.9908714294,,
483,42.8159596056,42.8159596056,1.002378,483,0.0,43.7626533508,,
484,42.8801686225,42.8801686225,1.00266,484,0.0,43.4580497742,,
485,43.01568005,43.01568005,1.001237,485,0.0,44.2352828979,,
486,42.95318103,42.95318103,1.002057,486,0.0,42.3906898499,,
487,42.7330502286,42.7330502286,1.002724,487,0.0,40.7518730164,,
488,42.5837747468,42.5837747468,1.001942,488,0.0,41.2402954102,,
489,42.2693086338,42.2693086338,1.002368,489,0.0,39.4391136169,,
490,42.1070696955,42.1070696955,1.001908,490,0.0,40.6469192505,,
491,42.3570461671,42.3570461671,1.002344,491,0.0,44.6068344116,,
492,42.2634924293,42.2634924293,1.003417,492,0.0,41.4215087891,,
493,42.2025827921,42.2025827921,1.002051,493,0.0,41.6543960571,,
494,41.9451296886,41.9451296886,1.001985,494,0.0,39.6280517578,,
495,42.027693441,42.027693441,1.002377,495,0.0,42.7707672119,,
496,42.3784500216,42.3784500216,1.002294,496,0.0,45.5352592468,,
497,42.385707711,42.385707711,1.002775,497,0.0,42.4510269165,,
498,42.3650114669,42.3650114669,1.001993,498,0.0,42.1787452698,,
499,41.9552849174,41.9552849174,1.001892,499,0.0,38.2677459717,,
500,41.7135467089,41.7135467089,1.002531,500,0.0,39.537902832,,
501,41.7883811554,41.7883811554,1.002674,501,0.0,42.4618911743,,
502,41.3441568399,41.3441568399,1.002672,502,0.0,37.3461380005,,
503,41.1295966552,41.1295966552,1.00266,503,0.0,39.1985549927,,
504,40.8513095361,40.8513095361,1.0022,504,0.0,38.3467254639,,
505,40.9131863339,40.9131863339,1.00223,505,0.0,41.4700775146,,
506,40.581538721,40.581538721,1.001848,506,0.0,37.5967102051,,
507,40.7343540109,40.7343540109,1.002554,507,0.0,42.1096916199,,
508,40.6289369509,40.6289369509,1.001438,508,0.0,39.6801834106,,
509,40.7009439211,40.7009439211,1.002122,509,0.0,41.3490066528,,
510,40.368512798,40.368512798,1.001463,510,0.0,37.3766326904,,
511,40.1826708871,40.1826708871,1.002611,511,0.0,38.510093689,,
512,40.0344538472,40.0344538472,1.002911,512,0.0,38.7005004883,,
513,40.2074427887,40.2074427887,1.00209,513,0.0,41.7643432617,,
514,40.3237209097,40.3237209097,1.003345,514,0.0,41.370223999,,
515,40.567807559,40.567807559,1.001823,515,0.0,42.7645874023,,
516,40.3479332362,40.3479332362,1.002334,516,0.0,38.3690643311,,
517,40.2067937822,40.2067937822,1.002875,517,0.0,38.9365386963,,
518,40.232321832,40.232321832,1.001472,518,0.0,40.4620742798,,
519,40.0450332523,40.0450332523,1.002305,519,0.0,38.3594360352,,
520,39.9019854629,39.9019854629,1.002047,520,0.0,38.6145553589,,
521,39.8248636989,39.8248636989,1.00165,521,0.0,39.1307678223,,
522,39.900825739,39.900825739,1.002143,522,0.0,40.5844841003,,
523,39.6797796489,39.6797796489,1.002942,523,0.0,37.6903648376,,
524,39.528535998,39.528535998,1.001762,524,0.0,38.1673431396,,
525,39.5695201362,39.5695201362,1.001882,525,0.0,39.9383773804,,
526,40.0694635694,40.0694635694,1.002264,526,0.0,44.5689544678,,
527,40.1293102727,40.1293102727,1.002036,527,0.0,40.667930603,,
528,40.0839558446,40.0839558446,1.002873,528,0.0,39.6757659912,,
529,40.1076380494,40.1076380494,1.001937,529,0.0,40.3207778931,,
530,39.5860191419,39.5860191419,1.001333,530,0.0,34.8914489746,,
531,39.4183706732,39.4183706732,1.002138,531,0.0,37.9095344543,,
532,39.3771264098,39.3771264098,1.0024,532,0.0,39.0059280396,,
533,39.2958892174,39.2958892174,1.002537,533,0.0,38.5647544861,,
534,39.2786534299,39.2786534299,1.002611,534,0.0,39.1235313416,,
535,39.0494094553,39.0494094553,1.002516,535,0.0,36.9862136841,,
536,38.9650739785,38.9650739785,1.002336,536,0.0,38.2060546875,,
537,39.3430538853,39.3430538853,1.002785,537,0.0,42.7448730469,,
538,39.0350477827,39.0350477827,1.002735,538,0.0,36.2629928589,,
539,39.0607048391,39.0607048391,1.002322,539,0.0,39.2916183472,,
540,39.2089556443,39.2089556443,1.001904,540,0.0,40.5432128906,,
541,39.2853333343,39.2853333343,1.002352,541,0.0,39.9727325439,,
542,39.2858016183,39.2858016183,1.00293,542,0.0,39.2900161743,,
543,39.6825113734,39.6825113734,1.002585,543,0.0,43.2528991699,,
544,39.6359521306,39.6359521306,1.00221,544,0.0,39.2169189453,,
545,39.548988845,39.548988845,1.002451,545,0.0,38.7663192749,,
546,39.809986567,39.809986567,1.00294,546,0.0,42.1589660645,,
547,39.8651115675,39.8651115675,1.001451,547,0.0,40.3612365723,,
548,40.0037125629,40.0037125629,1.002579,548,0.0,41.251121521,,
549,40.4041256083,40.4041256083,1.00244,549,0.0,44.0078430176,,
550,40.1815650678,40.1815650678,1.001767,550,0.0,38.1785202026,,
551,40.4182707741,40.4182707741,1.003162,551,0.0,42.5486221313,,
552,40.1986009843,40.1986009843,1.002676,552,0.0,38.221572876,,
553,40.0796571762,40.0796571762,1.002944,553,0.0,39.0091629028,,
554,39.4783564976,39.4783564976,1.00278,554,0.0,34.0666503906,,
555,39.1846330915,39.1846330915,1.002887,555,0.0,36.5411224365,,
556,38.8785191018,38.8785191018,1.002366,556,0.0,36.1234931946,,
557,38.9650747691,38.9650747691,1.002191,557,0.0,39.7440757751,,
558,39.1128669901,39.1128669901,1.002329,558,0.0,40.4429969788,,
559,38.8677950433,38.8677950433,1.002695,559,0.0,36.662147522,,
560,38.9245702265,38.9245702265,1.002027,560,0.0,39.435546875,,
561,38.7213404987,38.7213404987,1.003955,561,0.0,36.8922729492,,
562,38.4622572911,38.4622572911,1.001809,562,0.0,36.1305084229,,
563,38.5161601173,38.5161601173,1.002611,563,0.0,39.001285553,,
564,38.2448953629,38.2448953629,1.002547,564,0.0,35.8035125732,,
565,38.2270617104,38.2270617104,1.001357,565,0.0,38.0665588379,,
566,38.1555453435,38.1555453435,1.001981,566,0.0,37.5118980408,,
567,37.9736410166,37.9736410166,1.002515,567,0.0,36.3365020752,,
568,37.6230100082,37.6230100082,1.002088,568,0.0,34.4673309326,,
569,37.4207672197,37.4207672197,1.002606,569,0.0,35.6005821228,,
570,37.556206672,37.556206672,1.001302,570,0.0,38.7751617432,,
571,37.4276451784,37.4276451784,1.002661,571,0.0,36.2705917358,,
572,37.3751920925,37.3751920925,1.002211,572,0.0,36.9031143188,,
573,37.6348065197,37.6348065197,1.00221,573,0.0,39.9713363647,,
574,37.9294607096,37.9294607096,1.001984,574,0.0,40.5813484192,,
575,38.0419399011,38.0419399011,1.001176,575,0.0,39.0542526245,,
576,38.0090357365,38.0090357365,1.002411,576,0.0,37.7128982544,,
577,38.4670802982,38.4670802982,1.002477,577,0.0,42.5894813538,,
578,38.6511782376,38.6511782376,1.002388,578,0.0,40.3080596924,,
579,38.8587700696,38.8587700696,1.002313,579,0.0,40.7270965576,,
580,38.7687800561,38.7687800561,1.001599,580,0.0,37.9588699341,,
581,38.645480618,38.645480618,1.002184,581,0.0,37.535785675,,
582,38.7651412354,38.7651412354,1.002246,582,0.0,39.842086792,,
583,38.2525393127,38.2525393127,1.00186,583,0.0,33.6391220093,,
584,38.1065113031,38.1065113031,1.001823,584,0.0,36.7922592163,,
585,38.2471579328,38.2471579328,1.001277,585,0.0,39.5129776001,,
586,37.9995104684,37.9995104684,1.003079,586,0.0,35.7706832886,,
587,37.7063209724,37.7063209724,1.002299,587,0.0,35.067615509,,
588,37.6113915424,37.6113915424,1.001581,588,0.0,36.7570266724,,
589,37.7847635729,37.7847635729,1.002074,589,0.0,39.3451118469,,
590,37.7454054102,37.7454054102,1.001719,590,0.0,37.3911819458,,
591,37.877457429,37.877457429,1.00306,591,0.0,39.0659255981,,
592,37.7346263132,37.7346263132,1.00244,592,0.0,36.4491462708,,
593,37.961130494,37.961130494,1.002572,593,0.0,39.9996681213,,
594,38.025520832,38.025520832,1.002721,594,0.0,38.6050338745,,
595,38.5983780658,38.5983780658,1.001667,595,0.0,43.7540931702,,
596,38.4235019597,38.4235019597,1.002041,596,0.0,36.8496170044,,
597,38.2360704344,38.2360704344,1.001554,597,0.0,36.5491867065,,
598,38.7057815672,38.7057815672,1.002178,598,0.0,42.9331817627,,
599,38.7691542162,38.7691542162,1.002217,599,0.0,39.3395080566,,
600,38.7033502447,38.7033502447,1.001992,600,0.0,38.111114502,,
601,38.5677507092,38.5677507092,1.001518,601,0.0,37.3473548889,,
602,38.599341193,38.599341193,1.00308,602,0.0,38.8836555481,,
603,38.8505025022,38.8505025022,1.001654,603,0.0,41.1109542847,,
604,38.7852383238,38.7852383238,1.00229,604,0.0,38.1978607178,,
605,38.7135077043,38.7135077043,1.002352,605,0.0,38.0679321289,,
606,38.7008651248,38.7008651248,1.00178,606,0.0,38.5870819092,,
607,39.3236531393,39.3236531393,1.002136,607,0.0,44.9287452698,,
608,39.175301955,39.175301955,1.001758,608,0.0,37.8401412964,,
609,39.1789631657,39.1789631657,1.002623,609,0.0,39.2119140625,,
610,38.9635280918,38.9635280918,1.001792,610,0.0,37.0246124268,,
611,38.8519248859,38.8519248859,1.001449,611,0.0,37.8474960327,,
612,38.3325744536,38.3325744536,1.002149,612,0.0,33.6584205627,,
613,38.1718324959,38.1718324959,1.00252,613,0.0,36.7251548767,,
614,37.9272707826,37.9272707826,1.001553,614,0.0,35.7262153625,,
615,38.353498935,38.353498935,1.002237,615,0.0,42.1895523071,,
616,38.675741052,38.675741052,1.002356,616,0.0,41.575920105,,
617,38.751662125,38.751662125,1.002024,617,0.0,39.4349517822,,
618,38.3463453083,38.3463453083,1.002177,618,0.0,34.6984939575,,
619,37.9565113451,37.9565113451,1.002307,619,0.0,34.4480056763,,
620,37.81137138,37.81137138,1.00167,620,0.0,36.5051116943,,
621,37.6625241285,37.6625241285,1.001881,621,0.0,36.3228988647,,
622,37.3694635491,37.3694635491,1.002629,622,0.0,34.731918335,,
623,37.5205760474,37.5205760474,1.002344,623,0.0,38.8805885315,,
624,37.430201716,37.430201716,1.003477,624,0.0,36.6168327332,,
625,37.4410862685,37.4410862685,1.002497,625,0.0,37.5390472412,,
626,37.7341839099,37.7341839099,1.001948,626,0.0,40.3720626831,,
627,37.8452995918,37.8452995918,1.002394,627,0.0,38.8453407288,,
628,37.752184275,37.752184275,1.002303,628,0.0,36.9141464233,,
629,37.8127614407,37.8127614407,1.002143,629,0.0,38.3579559326,,
630,37.4134539856,37.4134539856,1.002279,630,0.0,33.8196868896,,
631,37.3217461908,37.3217461908,1.002231,631,0.0,36.4963760376,,
632,37.0384431843,37.0384431843,1.002622,632,0.0,34.4887161255,,
633,36.8087253002,36.8087253002,1.002277,633,0.0,34.7412643433,,
634,36.5972608054,36.5972608054,1.0021,634,0.0,34.6940803528,,
635,36.5429905049,36.5429905049,1.001785,635,0.0,36.0545578003,,
636,36.3153519922,36.3153519922,1.003109,636,0.0,34.2666053772,,
637,36.2746332907,36.2746332907,1.002156,637,0.0,35.908164978,,
638,36.3011460206,36.3011460206,1.002214,638,0.0,36.5397605896,,
639,36.3049120338,36.3049120338,1.003536,639,0.0,36.3388061523,,
640,36.5771826712,36.5771826712,1.001534,640,0.0,39.0276184082,,
641,36.7460116453,36.7460116453,1.001507,641,0.0,38.2654724121,,
642,37.0518403209,37.0518403209,1.002351,642,0.0,39.8042984009,,
643,37.0751925132,37.0751925132,1.002106,643,0.0,37.2853622437,,
644,37.2984365065,37.2984365065,1.002545,644,0.0,39.3076324463,,
645,37.0782165741,37.0782165741,1.001612,645,0.0,35.0962371826,,
646,37.3190544321,37.3190544321,1.001818,646,0.0,39.4865951538,,
647,37.0648719198,37.0648719198,1.002472,647,0.0,34.7772293091,,
648,36.896273064,36.896273064,1.002355,648,0.0,35.3788833618,,
649,36.6942369288,36.6942369288,1.001788,649,0.0,34.8759117126,,
650,36.63512627,36.63512627,1.001607,650,0.0,36.1031303406,,
651,36.609996364,36.609996364,1.002243,651,0.0,36.3838272095,,
652,36.7625797201,36.7625797201,1.002422,652,0.0,38.1358299255,,
653,36.7658932813,36.7658932813,1.002006,653,0.0,36.795715332,,
654,36.8350086041,36.8350086041,1.002298,654,0.0,37.4570465088,,
655,36.460613426,36.460613426,1.001285,655,0.0,33.0910568237,,
656,36.3730283407,36.3730283407,1.002905,656,0.0,35.5847625732,,
657,36.1451157655,36.1451157655,1.001845,657,0.0,34.0939025879,,
658,36.0794044666,36.0794044666,1.002743,658,0.0,35.4880027771,,
659,36.3560267031,36.3560267031,1.002146,659,0.0,38.8456268311,,
660,36.1877591615,36.1877591615,1.001914,660,0.0,34.6733512878,,
661,35.8288575893,35.8288575893,1.002561,661,0.0,32.5987434387,,
662,35.947274168,35.947274168,1.002052,662,0.0,37.0130233765,,
663,36.1006321546,36.1006321546,1.002353,663,0.0,37.4808540344,,
664,36.2999382171,36.2999382171,1.001752,664,0.0,38.0936927795,,
665,36.0775051254,36.0775051254,1.001318,665,0.0,34.0756072998,,
666,36.0597997789,36.0597997789,1.002394,666,0.0,35.9004516602,,
667,36.3640775219,36.3640775219,1.001817,667,0.0,39.1025772095,,
668,36.3659411015,36.3659411015,1.001859,668,0.0,36.3827133179,,
669,36.5603608616,36.5603608616,1.002141,669,0.0,38.3101387024,,
670,36.5229191358,36.5229191358,1.002176,670,0.0,36.1859436035,,
671,36.2668899633,36.2668899633,1.002664,671,0.0,33.9626274109,,
672,36.0131189052,36.0131189052,1.002275,672,0.0,33.7291793823,,
673,35.7675042651,35.7675042651,1.001861,673,0.0,33.5569725037,,
674,35.6273390741,35.6273390741,1.002782,674,0.0,34.365852356,,
675,35.6151834748,35.6151834748,1.001802,675,0.0,35.5057830811,,
676,35.5144118925,35.5144118925,1.002726,676,0.0,34.6074676514,,
677,35.731182068,35.731182068,1.001973,677,0.0,37.6821136475,,
678,35.8924255097,35.8924255097,1.002523,678,0.0,37.3436164856,,
679,35.9767055265,35.9767055265,1.002739,679,0.0,36.7352256775,,
680,36.0092138069,36.0092138069,1.002146,680,0.0,36.3017883301,,
681,36.1298561469,36.1298561469,1.002316,681,0.0,37.215637207,,
682,35.6931478836,35.6931478836,1.002344,682,0.0,31.7627735138,,
683,35.3416160695,35.3416160695,1.002304,683,0.0,32.1778297424,,
684,35.7743299203,35.7743299203,1.00282,684,0.0,39.6687545776,,
685,36.0458307204,36.0458307204,1.002187,685,0.0,38.4893379211,,
686,36.1372765485,36.1372765485,1.00246,686,0.0,36.9602890015,,
687,35.8356994674,35.8356994674,1.002583,687,0.0,33.1215057373,,
688,35.9644963877,35.9644963877,1.001779,688,0.0,37.1236686707,,
689,35.8663965109,35.8663965109,1.002717,689,0.0,34.9834976196,,
690,36.1641787806,36.1641787806,1.002462,690,0.0,38.8442192078,,
691,36.1806817399,36.1806817399,1.002336,691,0.0,36.329208374,,
692,36.2019118142,36.2019118142,1.002398,692,0.0,36.3929824829,,
693,36.3092074339,36.3092074339,1.002984,693,0.0,37.2748680115,,
694,36.1937003563,36.1937003563,1.002803,694,0.0,35.1541366577,,
695,36.0719530014,36.0719530014,1.002074,695,0.0,34.9762268066,,
696,35.8974885667,35.8974885667,1.00266,696,0.0,34.3273086548,,
697,35.6856705419,35.6856705419,1.001865,697,0.0,33.7793083191,,
698,35.9005774562,35.9005774562,1.002902,698,0.0,37.8347396851,,
699,35.663803402,35.663803402,1.00288,699,0.0,33.5328369141,,
700,35.8036105008,35.8036105008,1.001407,700,0.0,37.0618743896,,
701,35.8384571228,35.8384571228,1.002204,701,0.0,36.1520767212,,
702,35.7352342743,35.7352342743,1.002705,702,0.0,34.8062286377,,
703,35.5140122537,35.5140122537,1.002103,703,0.0,33.5230140686,,
704,35.3410595147,35.3410595147,1.002603,704,0.0,33.7844848633,,
705,35.3232236285,35.3232236285,1.002602,705,0.0,35.1627006531,,
706,35.2878723961,35.2878723961,1.002212,706,0.0,34.9697113037,,
707,34.7178181429,34.7178181429,1.002942,707,0.0,29.5873298645,,
708,34.434054746,34.434054746,1.002221,708,0.0,31.8801841736,,
709,34.6699858192,34.6699858192,1.002718,709,0.0,36.7933654785,,
710,35.1170848325,35.1170848325,1.001704,710,0.0,39.1409759521,,
711,35.0719168766,35.0719168766,1.002846,711,0.0,34.6654052734,,
712,35.1069218442,35.1069218442,1.003279,712,0.0,35.4219665527,,
713,35.3761147611,35.3761147611,1.002265,713,0.0,37.7988510132,,
714,35.2565181928,35.2565181928,1.002639,714,0.0,34.1801490784,,
715,35.4231698404,35.4231698404,1.001913,715,0.0,36.923034668,,
716,34.9076757094,34.9076757094,1.003102,716,0.0,30.2682285309,,
717,34.7504095728,34.7504095728,1.002304,717,0.0,33.3350143433,,
718,34.7609780515,34.7609780515,1.002507,718,0.0,34.8560943604,,
719,34.8635965245,34.8635965245,1.003207,719,0.0,35.7871627808,,
720,34.7485144904,34.7485144904,1.002283,720,0.0,33.7127761841,,
721,34.7023320172,34.7023320172,1.001963,721,0.0,34.2866897583,,
722,34.9836559749,34.9836559749,1.002493,722,0.0,37.5155715942,,
723,34.9837721279,34.9837721279,1.001964,723,0.0,34.9848175049,,
724,34.9953619561,34.9953619561,1.002503,724,0.0,35.0996704102,,
725,34.9958555152,34.9958555152,1.001931,725,0.0,35.0002975464,,
726,35.0686431631,35.0686431631,1.002172,726,0.0,35.7237319946,,
727,35.241640297,35.241640297,1.002389,727,0.0,36.798614502,,
728,35.1511581368,35.1511581368,1.002787,728,0.0,34.3368186951,,
729,35.15381042,35.15381042,1.003219,729,0.0,35.1776809692,,
730,35.1588227496,35.1588227496,1.001364,730,0.0,35.2039337158,,
731,34.9630706321,34.9630706321,1.001978,731,0.0,33.2013015747,,
732,34.8587549935,34.8587549935,1.002937,732,0.0,33.9199142456,,
733,34.9013371357,34.9013371357,1.002538,733,0.0,35.284576416,,
734,34.9322708507,34.9322708507,1.002671,734,0.0,35.2106742859,,
735,34.8220824772,34.8220824772,1.001326,735,0.0,33.8303871155,,
736,34.4756892777,34.4756892777,1.002524,736,0.0,31.3581504822,,
737,34.7236674538,34.7236674538,1.002675,737,0.0,36.9554710388,,
738,34.8921252171,34.8921252171,1.002499,738,0.0,36.4082450867,,
739,34.6688203645,34.6688203645,1.00233,739,0.0,32.6590766907,,
740,34.7656651347,34.7656651347,1.002186,740,0.0,35.6372680664,,
741,35.0259222754,35.0259222754,1.002638,741,0.0,37.3682365417,,
742,34.9095269472,34.9095269472,1.002156,742,0.0,33.8619689941,,
743,34.7793465761,34.7793465761,1.002818,743,0.0,33.6077232361,,
744,34.7795338668,34.7795338668,1.002782,744,0.0,34.7812194824,,
745,34.6654278312,34.6654278312,1.001933,745,0.0,33.6384735107,,
746,34.5673451311,34.5673451311,1.002728,746,0.0,33.6846008301,,
747,34.6341450113,34.6341450113,1.002416,747,0.0,35.2353439331,,
748,34.5854487566,34.5854487566,1.002696,748,0.0,34.1471824646,,
749,34.7593608511,34.7593608511,1.002079,749,0.0,36.3245697021,,
750,34.3619751048,34.3619751048,1.002472,750,0.0,30.7855033875,,
751,34.2176835696,34.2176835696,1.002603,751,0.0,32.9190597534,,
752,34.1055435086,34.1055435086,1.003289,752,0.0,33.096282959,,
753,34.5832231055,34.5832231055,1.00236,753,0.0,38.8823394775,,
754,34.6911262283,34.6911262283,1.001944,754,0.0,35.6622543335,,
755,34.7098336585,34.7098336585,1.002091,755,0.0,34.878200531,,
756,34.644264874,34.644264874,1.002549,756,0.0,34.054145813,,
757,34.6592718278,34.6592718278,1.002377,757,0.0,34.7943344116,,
758,34.2972634835,34.2972634835,1.002114,758,0.0,31.039188385,,
759,34.3311521711,34.3311521711,1.002797,759,0.0,34.6361503601,,
760,34.37612457,34.37612457,1.001604,760,0.0,34.7808761597,,
761,34.0723702215,34.0723702215,1.001514,761,0.0,31.3385810852,,
762,34.1214976403,34.1214976403,1.003309,762,0.0,34.5636444092,,
763,34.1172366702,34.1172366702,1.002332,763,0.0,34.0788879395,,
764,33.808432391,33.808432391,1.001923,764,0.0,31.0291938782,,
765,33.3661309457,33.3661309457,1.001816,765,0.0,29.3854179382,,
766,33.656378279,33.656378279,1.002015,766,0.0,36.2686042786,,
767,33.9103731721,33.9103731721,1.002869,767,0.0,36.1963272095,,
768,34.0677985318,34.0677985318,1.002243,768,0.0,35.48462677,,
769,34.1162669392,34.1162669392,1.002619,769,0.0,34.552482605,,
770,33.8639923571,33.8639923571,1.001972,770,0.0,31.5935211182,,
771,33.4398289536,33.4398289536,1.003581,771,0.0,29.6223583221,,
772,32.9869019283,32.9869019283,1.002799,772,0.0,28.9105587006,,
773,32.6861311996,32.6861311996,1.002105,773,0.0,29.9791946411,,
774,32.5869495753,32.5869495753,1.002113,774,0.0,31.6943149567,,
775,32.7900603428,32.7900603428,1.00153,775,0.0,34.618057251,,
776,32.6923598124,32.6923598124,1.002316,776,0.0,31.8130550385,,
777,32.6343268341,32.6343268341,1.002286,777,0.0,32.1120300293,,
778,32.8841086435,32.8841086435,1.002217,778,0.0,35.132144928,,
779,32.9591896004,32.9591896004,1.001952,779,0.0,33.6349182129,,
780,32.9584267378,32.9584267378,1.002307,780,0.0,32.9515609741,,
781,32.9541444278,32.9541444278,1.002743,781,0.0,32.9156036377,,
782,32.8070852783,32.8070852783,1.002649,782,0.0,31.4835529327,,
783,32.9028721118,32.9028721118,1.002665,783,0.0,33.7649536133,,
784,32.8307283637,32.8307283637,1.002885,784,0.0,32.1814346313,,
785,32.5749500678,32.5749500678,1.001601,785,0.0,30.2729454041,,
786,32.6379338818,32.6379338818,1.002755,786,0.0,33.204788208,,
787,32.6239123747,32.6239123747,1.002691,787,0.0,32.497718811,,
788,33.0700446968,33.0700446968,1.003005,788,0.0,37.0852355957,,
789,33.0889012043,33.0889012043,1.002779,789,0.0,33.2586097717,,
790,33.0246972106,33.0246972106,1.002121,790,0.0,32.4468612671,,
791,32.9083030816,32.9083030816,1.002988,791,0.0,31.8607559204,,
792,32.8641196545,32.8641196545,1.002654,792,0.0,32.466468811,,
793,33.2069957903,33.2069957903,1.002699,793,0.0,36.292881012,,
794,33.4642972336,33.4642972336,1.003005,794,0.0,35.7800102234,,
795,33.8556234764,33.8556234764,1.002268,795,0.0,37.3775596619,,
796,33.7440700704,33.7440700704,1.002566,796,0.0,32.7400894165,,
797,33.7240057147,33.7240057147,1.002459,797,0.0,33.5434265137,,
798,33.9013354442,33.9013354442,1.003096,798,0.0,35.497303009,,
799,34.00094189,34.00094189,1.002865,799,0.0,34.8973999023,,
800,34.0848625936,34.0848625936,1.001752,800,0.0,34.8401489258,,
801,33.9359561835,33.9359561835,1.002462,801,0.0,32.5957984924,,
802,33.6655001372,33.6655001372,1.003317,802,0.0,31.2313957214,,
803,33.6426692245,33.6426692245,1.002414,803,0.0,33.4371910095,,
804,33.3673442576,33.3673442576,1.003268,804,0.0,30.8894195557,,
805,33.5012030936,33.5012030936,1.001845,805,0.0,34.7059326172,,
806,33.2742227378,33.2742227378,1.002735,806,0.0,31.2313995361,,
807,33.1677774843,33.1677774843,1.002043,807,0.0,32.2097702026,,
808,32.9636706343,32.9636706343,1.002452,808,0.0,31.1267089844,,
809,33.1365014163,33.1365014163,1.002942,809,0.0,34.6919784546,,
810,33.0473809225,33.0473809225,1.002076,810,0.0,32.2452964783,,
811,33.2169134602,33.2169134602,1.003395,811,0.0,34.7427062988,,
812,33.2433323131,33.2433323131,1.002473,812,0.0,33.4811019897,,
813,33.3546275913,33.3546275913,1.002411,813,0.0,34.3562850952,,
814,33.4920095282,33.4920095282,1.002427,814,0.0,34.7284469604,,
815,33.4741356323,33.4741356323,1.002195,815,0.0,33.3132705688,,
816,33.3802922442,33.3802922442,1.001998,816,0.0,32.5357017517,,
817,33.4019676097,33.4019676097,1.003165,817,0.0,33.5970458984,,
818,33.1256544394,33.1256544394,1.002745,818,0.0,30.638835907,,
819,33.0885345521,33.0885345521,1.002209,819,0.0,32.7544555664,,
820,33.0567250117,33.0567250117,1.00238,820,0.0,32.7704391479,,
821,33.0624386189,33.0624386189,1.002508,821,0.0,33.113861084,,
822,33.1111351714,33.1111351714,1.003101,822,0.0,33.5494041443,,
823,32.7376780569,32.7376780569,1.002262,823,0.0,29.3765640259,,
824,33.0067851596,33.0067851596,1.002357,824,0.0,35.4287490845,,
825,32.7554903793,32.7554903793,1.001962,825,0.0,30.4938373566,,
826,32.6273309441,32.6273309441,1.002552,826,0.0,31.4738960266,,
827,32.4834306286,32.4834306286,1.002733,827,0.0,31.1883277893,,
828,32.7112014573,32.7112014573,1.002529,828,0.0,34.761138916,,
829,32.6497424139,32.6497424139,1.003503,829,0.0,32.0966110229,,
830,32.5865900719,32.5865900719,1.002661,830,0.0,32.0182189941,,
831,32.8092447702,32.8092447702,1.002483,831,0.0,34.8131370544,,
832,32.399078922,32.399078922,1.002437,832,0.0,28.7075862885,,
833,32.2330678194,32.2330678194,1.002639,833,0.0,30.7389678955,,
834,32.3918533226,32.3918533226,1.002759,834,0.0,33.8209228516,,
835,32.3897376925,32.3897376925,1.001736,835,0.0,32.3706970215,,
836,32.6260958019,32.6260958019,1.003654,836,0.0,34.7533187866,,
837,32.2496159824,32.2496159824,1.002495,837,0.0,28.8612976074,,
838,32.3805984455,32.3805984455,1.002751,838,0.0,33.5594406128,,
839,32.3589780388,32.3589780388,1.002866,839,0.0,32.1643943787,,
840,32.6205621532,32.6205621532,1.0019,840,0.0,34.9748191833,,
841,32.4640977119,32.4640977119,1.001988,841,0.0,31.0559177399,,
842,32.5706969739,32.5706969739,1.002614,842,0.0,33.530090332,,
843,32.7781589843,32.7781589843,1.003113,843,0.0,34.6453170776,,
844,33.0218083874,33.0218083874,1.002676,844,0.0,35.2146530151,,
845,32.8892444386,32.8892444386,1.002103,845,0.0,31.6961688995,,
846,32.7383471859,32.7383471859,1.002858,846,0.0,31.3802719116,,
847,32.7851080178,32.7851080178,1.002725,847,0.0,33.2059555054,,
848,32.6657795738,32.6657795738,1.002239,848,0.0,31.5918235779,,
849,32.650052294,32.650052294,1.002788,849,0.0,32.5085067749,,
850,32.6917937381,32.6917937381,1.001874,850,0.0,33.0674667358,,
851,32.447880058,32.447880058,1.002845,851,0.0,30.2526569366,,
852,32.4944395559,32.4944395559,1.002624,852,0.0,32.9134750366,,
853,32.290251452,32.290251452,1.002774,853,0.0,30.4525585175,,
854,32.2673115119,32.2673115119,1.001647,854,0.0,32.0608520508,,
855,32.336368172,32.336368172,1.001645,855,0.0,32.9578781128,,
856,32.5072189646,32.5072189646,1.002622,856,0.0,34.0448760986,,
857,32.1901293466,32.1901293466,1.002067,857,0.0,29.3363227844,,
858,31.9589864376,31.9589864376,1.002119,858,0.0,29.8787002563,,
859,31.938258883,31.938258883,1.002603,859,0.0,31.7517108917,,
860,31.8896796912,31.8896796912,1.002392,860,0.0,31.4524669647,,
861,32.1265959689,32.1265959689,1.002637,861,0.0,34.2588424683,,
862,32.1468350842,32.1468350842,1.002367,862,0.0,32.3289871216,,
863,32.4767080027,32.4767080027,1.00279,863,0.0,35.44556427,,
864,32.493578447,32.493578447,1.002941,864,0.0,32.6454124451,,
865,32.4924593566,32.4924593566,1.002664,865,0.0,32.4823875427,,
866,32.6470487175,32.6470487175,1.002452,866,0.0,34.0383529663,,
867,32.3525672726,32.3525672726,1.002918,867,0.0,29.7022342682,,
868,32.3025060867,32.3025060867,1.001956,868,0.0,31.8519554138,,
869,31.8660625078,31.8660625078,1.001166,869,0.0,27.9380702972,,
870,32.0497069589,32.0497069589,1.002017,870,0.0,33.702507019,,
871,32.2854711263,32.2854711263,1.002855,871,0.0,34.4073486328,,
872,32.0180587335,32.0180587335,1.002248,872,0.0,29.6113471985,,
873,31.9824287024,31.9824287024,1.002432,873,0.0,31.6617584229,,
874,31.636538356,31.636538356,1.003171,874,0.0,28.523525238,,
875,31.5559316243,31.5559316243,1.002471,875,0.0,30.8304710388,,
876,31.4910382299,31.4910382299,1.002191,876,0.0,30.9069976807,,
877,31.4961666228,31.4961666228,1.001705,877,0.0,31.5423221588,,
878,31.6379989351,31.6379989351,1.002651,878,0.0,32.9144897461,,
879,31.5272595732,31.5272595732,1.00255,879,0.0,30.5306053162,,
880,31.4247268303,31.4247268303,1.001843,880,0.0,30.5019321442,,
881,31.1838797805,31.1838797805,1.001855,881,0.0,29.0162563324,,
882,31.5244120906,31.5244120906,1.002969,882,0.0,34.5892028809,,
883,31.4948930159,31.4948930159,1.003184,883,0.0,31.229221344,,
884,31.3421440555,31.3421440555,1.00177,884,0.0,29.9674034119,,
885,31.2818310171,31.2818310171,1.001579,885,0.0,30.7390136719,,
886,31.3156283537,31.3156283537,1.002141,886,0.0,31.6198043823,,
887,31.1747019624,31.1747019624,1.002677,887,0.0,29.9063644409,,
888,31.241873032,31.241873032,1.002275,888,0.0,31.8464126587,,
889,31.3825195606,31.3825195606,1.002009,889,0.0,32.6483383179,,
890,31.0145690419,31.0145690419,1.001673,890,0.0,27.7030143738,,
891,30.960740159,30.960740159,1.002046,891,0.0,30.4762802124,,
892,30.935924688,30.935924688,1.002026,892,0.0,30.7125854492,,
893,30.9349421969,30.9349421969,1.003513,893,0.0,30.9260997772,,
894,30.8461392919,30.8461392919,1.00188,894,0.0,30.046913147,,
895,30.8629882991,30.8629882991,1.002609,895,0.0,31.014629364,,
896,30.9417342538,30.9417342538,1.002653,896,0.0,31.6504478455,,
897,31.0434119636,31.0434119636,1.002977,897,0.0,31.9585113525,,
898,31.2861342133,31.2861342133,1.002045,898,0.0,33.4706344604,,
899,31.174847147,31.174847147,1.002184,899,0.0,30.1732635498,,
900,31.0008930872,31.0008930872,1.002178,900,0.0,29.4353065491,,
901,30.9232887486,30.9232887486,1.00209,901,0.0,30.2248497009,,
902,30.8759666257,30.8759666257,1.001846,902,0.0,30.4500675201,,
903,30.8725473618,30.8725473618,1.001995,903,0.0,30.8417739868,,
904,31.2088209154,31.2088209154,1.002586,904,0.0,34.2352828979,,
905,31.1895333674,31.1895333674,1.00164,905,0.0,31.0159454346,,
906,31.0609462034,31.0609462034,1.002805,906,0.0,29.9036617279,,
907,31.2243591819,31.2243591819,1.001372,907,0.0,32.6950759888,,
908,30.9961888201,30.9961888201,1.002192,908,0.0,28.9426555634,,
909,30.8666691965,30.8666691965,1.001449,909,0.0,29.7009925842,,
910,30.5595482516,30.5595482516,1.001763,910,0.0,27.7954597473,,
911,30.4068515594,30.4068515594,1.002804,911,0.0,29.0325813293,,
912,30.6113694216,30.6113694216,1.001381,912,0.0,32.4520301819,,
913,30.745720837,30.745720837,1.002103,913,0.0,31.9548835754,,
914,30.2748417617,30.2748417617,1.002896,914,0.0,26.0369300842,,
915,30.3312700535,30.3312700535,1.001858,915,0.0,30.8391246796,,
916,30.4564768265,30.4564768265,1.001678,916,0.0,31.5833377838,,
917,30.4726356319,30.4726356319,1.00193,917,0.0,30.6180648804,,
918,30.6986226486,30.6986226486,1.002117,918,0.0,32.7325057983,,
919,30.7585278016,30.7585278016,1.003315,919,0.0,31.2976741791,,
920,30.6077415879,30.6077415879,1.001443,920,0.0,29.2506656647,,
921,30.8447838964,30.8447838964,1.002503,921,0.0,32.9781646729,,
922,30.810572917,30.810572917,1.002136,922,0.0,30.5026741028,,
923,30.6113710178,30.6113710178,1.002706,923,0.0,28.8185539246,,
924,30.7710964954,30.7710964954,1.002426,924,0.0,32.2086257935,,
925,30.8554267415,30.8554267415,1.001062,925,0.0,31.6143989563,,
926,30.7217181738,30.7217181738,1.002356,926,0.0,29.5183410645,,
927,30.6078330233,30.6078330233,1.002407,927,0.0,29.5828666687,,
928,30.4537191469,30.4537191469,1.00252,928,0.0,29.0666942596,,
929,30.4404170106,30.4404170106,1.002875,929,0.0,30.3206977844,,
930,30.4602012983,30.4602012983,1.001358,930,0.0,30.6382598877,,
931,30.4222088174,30.4222088174,1.003288,931,0.0,30.0802764893,,
932,30.6790750786,30.6790750786,1.002433,932,0.0,32.9908714294,,
933,30.8714046924,30.8714046924,1.003135,933,0.0,32.6023712158,,
934,30.8068796559,30.8068796559,1.002079,934,0.0,30.2261543274,,
935,30.6440919665,30.6440919665,1.002165,935,0.0,29.1790027618,,
936,30.550764122,30.550764122,1.002629,936,0.0,29.7108135223,,
937,30.5623789177,30.5623789177,1.001838,937,0.0,30.6669120789,,
938,30.4211793255,30.4211793255,1.002854,938,0.0,29.1503829956,,
939,30.4445656578,30.4445656578,1.002266,939,0.0,30.6550426483,,
940,30.4199287331,30.4199287331,1.001791,940,0.0,30.1981964111,,
941,30.3310530397,30.3310530397,1.002586,941,0.0,29.5311717987,,
942,30.4755390596,30.4755390596,1.002262,942,0.0,31.7759132385,,
943,30.5699426274,30.5699426274,1.001915,943,0.0,31.4195747375,,
944,30.3577809757,30.3577809757,1.002223,944,0.0,28.4483261108,,
945,30.2729411029,30.2729411029,1.002032,945,0.0,29.5093822479,,
946,30.1815783891,30.1815783891,1.002863,946,0.0,29.3593139648,,
947,30.6435543698,30.6435543698,1.001542,947,0.0,34.8013381958,,
948,30.7832467081,30.7832467081,1.001704,948,0.0,32.0404777527,,
949,30.8018477727,30.8018477727,1.002128,949,0.0,30.9692573547,,
950,30.4732628795,30.4732628795,1.001473,950,0.0,27.5159988403,,
951,30.6040240168,30.6040240168,1.00227,951,0.0,31.7808742523,,
952,30.7163005626,30.7163005626,1.001816,952,0.0,31.7267894745,,
953,30.6908430298,30.6908430298,1.001748,953,0.0,30.461725235,,
954,30.5089497363,30.5089497363,1.002412,954,0.0,28.8719100952,,
955,30.0850118931,30.0850118931,1.002097,955,0.0,26.2695713043,,
956,30.2488762739,30.2488762739,1.001958,956,0.0,31.7236557007,,
957,30.6509890738,30.6509890738,1.002355,957,0.0,34.2700042725,,
958,30.7177837058,30.7177837058,1.001917,958,0.0,31.3189353943,,
959,30.5711113838,30.5711113838,1.002924,959,0.0,29.2510604858,,
960,30.645198747,30.645198747,1.001907,960,0.0,31.3119850159,,
961,30.6970191281,30.6970191281,1.002142,961,0.0,31.1634025574,,
962,30.3935130847,30.3935130847,1.002709,962,0.0,27.6619586945,,
963,30.7363185298,30.7363185298,1.002513,963,0.0,33.8215675354,,
964,30.8721394966,30.8721394966,1.002018,964,0.0,32.0945281982,,
965,30.8745209602,30.8745209602,1.001336,965,0.0,30.8959541321,,
966,30.8759116376,30.8759116376,1.00228,966,0.0,30.8884277344,,
967,30.9227626125,30.9227626125,1.00352,967,0.0,31.3444213867,,
968,30.6916372836,30.6916372836,1.002362,968,0.0,28.6115093231,,
969,30.7471897417,30.7471897417,1.002272,969,0.0,31.2471618652,,
970,31.0350920749,31.0350920749,1.00155,970,0.0,33.6262130737,,
971,30.8270971649,30.8270971649,1.002105,971,0.0,28.9551429749,,
972,30.9641819125,30.9641819125,1.001979,972,0.0,32.1979446411,,
973,30.7752340429,30.7752340429,1.002379,973,0.0,29.0747032166,,
974,30.4592069918,30.4592069918,1.002029,974,0.0,27.6149635315,,
975,30.5887266994,30.5887266994,1.001973,975,0.0,31.754404068,,
976,30.2971445263,30.2971445263,1.002628,976,0.0,27.6729049683,,
977,30.2502858705,30.2502858705,1.002959,977,0.0,29.8285579681,,
978,30.307212621,30.307212621,1.003488,978,0.0,30.8195533752,,
979,30.2738210708,30.2738210708,1.002046,979,0.0,29.9732971191,,
980,30.4512313679,30.4512313679,1.002102,980,0.0,32.0479240417,,
981,30.4576804586,30.4576804586,1.001998,981,0.0,30.5157222748,,
982,30.7534552289,30.7534552289,1.002262,982,0.0,33.4154281616,,
983,30.6280173903,30.6280173903,1.002841,983,0.0,29.4990768433,,
984,30.3913818042,30.3913818042,1.002729,984,0.0,28.2616615295,,
985,30.3871757603,30.3871757603,1.002047,985,0.0,30.3493213654,,
986,30.7354004756,30.7354004756,1.002556,986,0.0,33.8694229126,,
987,30.7364364244,30.7364364244,1.002457,987,0.0,30.745759964,,
988,30.6843931238,30.6843931238,1.002728,988,0.0,30.216003418,,
989,30.47609671,30.47609671,1.003042,989,0.0,28.6014289856,,
990,30.323169351,30.323169351,1.002451,990,0.0,28.9468231201,,
991,30.0685734394,30.0685734394,1.002836,991,0.0,27.7772102356,,
992,30.1301372686,30.1301372686,1.002419,992,0.0,30.684211731,,
993,29.8774878835,29.8774878835,1.002949,993,0.0,27.6036434174,,
994,29.9694117178,29.9694117178,1.002154,994,0.0,30.7967262268,,
995,30.173654628,30.173654628,1.0024,995,0.0,32.0118408203,,
996,30.2597029378,30.2597029378,1.002679,996,0.0,31.0341377258,,
997,30.0226986322,30.0226986322,1.002471,997,0.0,27.8896598816,,
998,30.2280368012,30.2280368012,1.00243,998,0.0,32.0760803223,,
999,30.1885668995,30.1885668995,1.001576,999,0.0,29.8333377838,,
1000,30.0046240355,30.0046240355,1.001911,1000,0.0,28.3491382599,30.2283744812,29.8645553589
